{
	"zipInfo": {
		"creatorName": "Theming Engine",
		"creatorVersion": "1.47.0",
		"created": "2019-12-10T11:56:06Z",
		"lessVersion": "1.6.3",
		"compression": "none",
		"exportMode": "DESIGNTIME"
	},
	"contentInfo": {
		"sourcePath": "https://ui5controls-themedesignertest.dispatcher.int.sap.hana.ondemand.com/themedesigner/theming/repository/~v=UI5:1.73.0,UR:10.30.7.319902.0,Base:11.1.15",
		"frameworks": {
			"UI5": {
				"version": "1.73.0"
			},
			"UR": {
				"version": "10.30.7.319902.0"
			},
			"Base": {
				"version": "11.1.15"
			}
		},
		"libraries": {
			"UI5.sap/ca/ui": {
				"version": "1.73.0"
			},
			"UI5.sap/collaboration": {
				"version": "1.73.0"
			},
			"UI5.sap/f": {
				"version": "1.73.1"
			},
			"UI5.sap/fe": {
				"version": "1.73.0"
			},
			"UI5.sap/fileviewer": {
				"version": "1.73.0"
			},
			"UI5.sap/fiori": {
				"version": "1.73.0"
			},
			"UI5.sap/gantt": {
				"version": "1.73.0"
			},
			"UI5.sap/m": {
				"version": "1.73.1"
			},
			"UI5.sap/me": {
				"version": "1.73.1"
			},
			"UI5.sap/ovp": {
				"version": "1.73.0"
			},
			"UI5.sap/rules/ui": {
				"version": "1.73.0"
			},
			"UI5.sap/suite/ui/commons": {
				"version": "1.73.0"
			},
			"UI5.sap/suite/ui/generic/template": {
				"version": "1.73.0"
			},
			"UI5.sap/suite/ui/microchart": {
				"version": "1.73.1"
			},
			"UI5.sap/tnt": {
				"version": "1.73.1"
			},
			"UI5.sap/ui/codeeditor": {
				"version": "1.73.1"
			},
			"UI5.sap/ui/commons": {
				"version": "1.73.1"
			},
			"UI5.sap/ui/comp": {
				"version": "1.73.1"
			},
			"UI5.sap/ui/core": {
				"version": "1.73.1"
			},
			"UI5.sap/ui/dt": {
				"version": "1.73.1"
			},
			"UI5.sap/ui/export": {
				"version": "1.73.1"
			},
			"UI5.sap/ui/fl": {
				"version": "1.73.1"
			},
			"UI5.sap/ui/integration": {
				"version": "1.73.1"
			},
			"UI5.sap/ui/layout": {
				"version": "1.73.1"
			},
			"UI5.sap/ui/mdc": {
				"version": "1.73.1"
			},
			"UI5.sap/ui/richtexteditor": {
				"version": "1.73.1"
			},
			"UI5.sap/ui/rta": {
				"version": "1.73.1"
			},
			"UI5.sap/ui/suite": {
				"version": "1.73.1"
			},
			"UI5.sap/ui/table": {
				"version": "1.73.1"
			},
			"UI5.sap/ui/unified": {
				"version": "1.73.1"
			},
			"UI5.sap/ui/ux3": {
				"version": "1.73.1"
			},
			"UI5.sap/ui/vbm": {
				"version": "1.73.0"
			},
			"UI5.sap/ui/vk": {
				"version": "1.73.0"
			},
			"UI5.sap/ui/vtm": {
				"version": "1.73.0"
			},
			"UI5.sap/ushell": {
				"version": "1.73.0"
			},
			"UI5.sap/uxap": {
				"version": "1.73.1"
			},
			"UI5.sap/viz": {
				"version": "1.73.1"
			},
			"UI5.sap/zen/commons": {
				"version": "1.73.0"
			},
			"UI5.sap/zen/crosstab": {
				"version": "1.73.0"
			},
			"UR.baseLib": {
				"version": "10.30.7.319902.0"
			},
			"UR.flash": {
				"version": "10.30.7.319902.0"
			},
			"UR.ls": {
				"version": "10.30.7.319902.0"
			},
			"UR.silverlight": {
				"version": "10.30.7.319902.0"
			},
			"Base.baseLib": {
				"version": "11.1.15"
			}
		},
		"themes": {
			"uriel3": {
				"id": "uriel3",
				"extends": "sap_belize",
				"label": "Custom Belize (3)",
				"vendor": "",
				"textDirections": "LTR"
			},
			"uriel3--Contrast": {
				"id": "uriel3--Contrast",
				"extends": "sap_belize_plus",
				"label": "",
				"vendor": "",
				"textDirections": ""
			}
		}
	}
}