{
	"zipInfo": {
		"creatorName": "Theming Engine",
		"creatorVersion": "1.47.0",
		"created": "2019-12-11T11:54:54Z",
		"lessVersion": "1.6.3",
		"compression": "none",
		"exportMode": "DESIGNTIME"
	},
	"contentInfo": {
		"sourcePath": "https://ui5controls-themedesignertest.dispatcher.int.sap.hana.ondemand.com/themedesigner/theming/repository/~v=UI5:1.73.0,UR:10.30.7.319902.0,Base:11.1.15",
		"frameworks": {
			"UI5": {
				"version": "1.73.0"
			},
			"UR": {
				"version": "10.30.7.319902.0"
			},
			"Base": {
				"version": "11.1.15"
			}
		},
		"libraries": {
			"UI5.sap/f": {
				"version": "1.73.1"
			},
			"UI5.sap/m": {
				"version": "1.73.1"
			},
			"UI5.sap/ui/core": {
				"version": "1.73.1"
			},
			"UI5.sap/ui/layout": {
				"version": "1.73.1"
			},
			"UI5.sap/ushell": {
				"version": "1.73.0"
			},
			"UR.baseLib": {
				"version": "10.30.7.319902.0"
			},
			"Base.baseLib": {
				"version": "11.1.15"
			}
		},
		"themes": {
			"uwe1": {
				"id": "uwe1",
				"extends": "sap_belize",
				"label": "Uwe 1",
				"vendor": "",
				"textDirections": "LTR"
			},
			"uwe1--Contrast": {
				"id": "uwe1--Contrast",
				"extends": "sap_belize_plus",
				"label": "",
				"vendor": "",
				"textDirections": ""
			}
		}
	}
}